Always On Film,889,2020-12-08
LOAF Cameras,7919,2020-12-08
LensFayre Cameras,702,2020-12-08
TOOP SHOOT,1093,2020-12-08
Film Camera Store,6911,2020-12-08
Retro Camera Shop,7907,2020-12-08
DTH Cameras,4127,2020-12-08
Always On Film,891,2020-12-09
LOAF Cameras,7921,2020-12-09
LensFayre Cameras,704,2020-12-09
TOOP SHOOT,1094,2020-12-09
Film Camera Store,6912,2020-12-09
Retro Camera Shop,7927,2020-12-09
DTH Cameras,4129,2020-12-09
Always On Film,895,2020-12-10
LOAF Cameras,7928,2020-12-10
LensFayre Cameras,705,2020-12-10
TOOP SHOOT,1095,2020-12-10
Film Camera Store,6919,2020-12-10
Retro Camera Shop,7964,2020-12-10
DTH Cameras,4129,2020-12-10
Always On Film,899,2020-12-10
LOAF Cameras,7937,2020-12-10
LensFayre Cameras,705,2020-12-10
TOOP SHOOT,1095,2020-12-10
Film Camera Store,6921,2020-12-10
Retro Camera Shop,7982,2020-12-10
DTH Cameras,4133,2020-12-10
Always On Film,899,2020-12-11
LOAF Cameras,7947,2020-12-11
LensFayre Cameras,707,2020-12-11
TOOP SHOOT,1095,2020-12-11
Film Camera Store,6924,2020-12-11
Retro Camera Shop,8002,2020-12-11
DTH Cameras,4133,2020-12-11
Always On Film,900,2020-12-12
LOAF Cameras,7960,2020-12-12
LensFayre Cameras,711,2020-12-12
TOOP SHOOT,1096,2020-12-12
Film Camera Store,6930,2020-12-12
Retro Camera Shop,8029,2020-12-12
DTH Cameras,4133,2020-12-12
Always On Film,903,2020-12-14
LOAF Cameras,7979,2020-12-14
LensFayre Cameras,717,2020-12-14
TOOP SHOOT,1098,2020-12-14
Film Camera Store,6939,2020-12-14
Retro Camera Shop,8076,2020-12-14
DTH Cameras,4134,2020-12-14
Always On Film,906,2020-12-15
LOAF Cameras,7993,2020-12-15
LensFayre Cameras,720,2020-12-15
TOOP SHOOT,1100,2020-12-15
Film Camera Store,6943,2020-12-15
Retro Camera Shop,8100,2020-12-15
DTH Cameras,4134,2020-12-15
Always On Film,915,2020-12-21
LOAF Cameras,8066,2020-12-21
LensFayre Cameras,741,2020-12-21
TOOP SHOOT,1108,2020-12-21
Film Camera Store,6972,2020-12-21
Retro Camera Shop,8274,2020-12-21
DTH Cameras,4135,2020-12-21
Always On Film,929,2020-12-22
LOAF Cameras,8089,2020-12-22
LensFayre Cameras,750,2020-12-22
TOOP SHOOT,1111,2020-12-22
Film Camera Store,6975,2020-12-22
Retro Camera Shop,8291,2020-12-22
DTH Cameras,4135,2020-12-22
Always On Film,929,2020-12-23
LOAF Cameras,8095,2020-12-23
LensFayre Cameras,751,2020-12-23
TOOP SHOOT,1111,2020-12-23
Film Camera Store,6977,2020-12-23
Retro Camera Shop,8296,2020-12-23
DTH Cameras,4135,2020-12-23
Always On Film,936,2020-12-26
LOAF Cameras,8109,2020-12-26
LensFayre Cameras,754,2020-12-26
TOOP SHOOT,1112,2020-12-26
Film Camera Store,6996,2020-12-26
Retro Camera Shop,8328,2020-12-26
DTH Cameras,4135,2020-12-26
Always On Film,946,2020-12-28
LOAF Cameras,8131,2020-12-28
LensFayre Cameras,760,2020-12-28
TOOP SHOOT,1115,2020-12-28
Film Camera Store,7010,2020-12-28
Retro Camera Shop,8418,2020-12-28
DTH Cameras,4136,2020-12-28
Always On Film,953,2020-12-31
LOAF Cameras,8147,2020-12-31
LensFayre Cameras,764,2020-12-31
TOOP SHOOT,1117,2020-12-31
Film Camera Store,7019,2020-12-31
Retro Camera Shop,8460,2020-12-31
DTH Cameras,4136,2020-12-31
Always On Film,971,2021-01-05
LOAF Cameras,8175,2021-01-05
LensFayre Cameras,768,2021-01-05
TOOP SHOOT,1128,2021-01-05
Film Camera Store,7046,2021-01-05
Retro Camera Shop,8502,2021-01-05
DTH Cameras,4136,2021-01-05
Always On Film,973,2021-01-09
LOAF Cameras,8215,2021-01-09
LensFayre Cameras,776,2021-01-09
TOOP SHOOT,1129,2021-01-09
Film Camera Store,7058,2021-01-09
Retro Camera Shop,8503,2021-01-09
DTH Cameras,4136,2021-01-09
Always On Film,987,2021-01-14
LOAF Cameras,8257,2021-01-14
LensFayre Cameras,788,2021-01-14
TOOP SHOOT,1129,2021-01-14
Film Camera Store,7084,2021-01-14
Retro Camera Shop,8644,2021-01-14
DTH Cameras,4137,2021-01-14
Always On Film,1002,2021-01-19
LOAF Cameras,8288,2021-01-19
LensFayre Cameras,816,2021-01-19
TOOP SHOOT,1130,2021-01-19
Film Camera Store,7099,2021-01-19
Retro Camera Shop,8870,2021-01-19
DTH Cameras,4137,2021-01-19
Always On Film,1042,2021-02-02
LOAF Cameras,8364,2021-02-02
LensFayre Cameras,858,2021-02-02
TOOP SHOOT,1132,2021-02-02
Film Camera Store,7133,2021-02-02
Retro Camera Shop,9092,2021-02-02
DTH Cameras,4137,2021-02-02
Always On Film,1116,2021-03-04
LOAF Cameras,8601,2021-03-04
LensFayre Cameras,923,2021-03-04
TOOP SHOOT,1133,2021-03-04
Film Camera Store,7183,2021-03-04
Retro Camera Shop,9248,2021-03-04
DTH,4139,2021-03-04
